image_path,width,height,mode,channels,file_size_kb,sha256
train/ID1011485656.jpg,2000,1000,RGB,3,3457.519,d12c0780e46c1bba6500cb9f9cb88585cf62245aa33de41c02e4c7feba30f16a
train/ID1012260530.jpg,2000,1000,RGB,3,2994.079,5acf9ed4a0c6398edaf190aebb2dfaf33553549109fdfe88815d814b4a39e40b
train/ID1025234388.jpg,2000,1000,RGB,3,2538.002,70e537363549319508289b26f545680570469bc23fff18ec6ecdcb3fcbe7a68e
train/ID1028611175.jpg,2000,1000,RGB,3,3574.576,68050758e8b1499dabd4ee431dffb97a9f0daa534f1d15a1e1ab7697d7f83808
train/ID1035947949.jpg,2000,1000,RGB,3,3414.604,ecac18845cf257258bafbc85e6afd26f37ba734b6b993b23dc2152a87cd7399b
train/ID1036339023.jpg,2000,1000,RGB,3,3121.087,eb5bd4cdac92ab14c1aae6c9bbd1415aeaea3a22d689adf8de1d7c0d83088944
train/ID1049634115.jpg,2000,1000,RGB,3,3156.269,cc329d7027b370ce89babc7fa943a7cfedb0029f69e0f9a89aee18f7bfe55c2e
train/ID1051144034.jpg,2000,1000,RGB,3,2583.604,2d65e27a66cb168fb4f74804dcec796955eca706e8420f6502f1a441248b90da
train/ID1052620238.jpg,2000,1000,RGB,3,2926.871,20e983aa0648da578fb29f34d955d5e41b44846e5fef660bcd17c6e07f2c98ba
train/ID105271783.jpg,2000,1000,RGB,3,2628.164,5bf7beef41d2bee7b6b3ce65f75de1c498ab8380b3e05b1b32e8ede67610a8ac
train/ID1053972079.jpg,2000,1000,RGB,3,3072.863,58f75656bd3bbe340232535c66a2ab9a7886bc2cc7cb252a50461216e50a709d
train/ID1058383417.jpg,2000,1000,RGB,3,3788.096,c3f80a10f70a2f395a1e6ec5ef54cd359eff133cc3befced2cbba87b4924d3ba
train/ID1062837331.jpg,2000,1000,RGB,3,2747.209,dcda964510b64b21386db899a9878696dfb3414091bd04c29432438e4bec9449
train/ID1070112260.jpg,2000,1000,RGB,3,3407.976,ec2b8c51e412bb7cdc9a25036aac7458d25829a3a871db97fa5e361b887d1156
train/ID1078930021.jpg,2000,1000,RGB,3,2545.395,999e7c802901d222bb85b29f2afb0fae06a46c1da92ba1687d63d3039c95109b
train/ID1084819986.jpg,2000,1000,RGB,3,3011.324,144a1746e86bd4eb0fcadd6d611f132e3017677ee53b42af0fe1d1c4f4684ee8
train/ID1088965591.jpg,2000,1000,RGB,3,2586.477,23f28312ac2fc4449604753b66cd696c609d835a5877e20399b82f6104d629af
train/ID1098771283.jpg,2000,1000,RGB,3,2976.428,29f9468cc95c78419b45e45ad36e6884ad97a071dbbe98eb3f43d7e9bf9e76d0
train/ID1103883611.jpg,2000,1000,RGB,3,3177.741,b887f96e1c35e5f67435912c9f184a5aaa78b9d91cd4f51144ab2ed394a7180f
train/ID1108283583.jpg,2000,1000,RGB,3,3200.474,cbf0df9128d768ea7e321cc3774f78a3263bf764958ebe42549e0309ef136b54
train/ID1113121340.jpg,2000,1000,RGB,3,3082.769,7f028397a8088ac32ef73dfaced7c4fb13e2c41ce223bcb7300717736612147c
train/ID1113329413.jpg,2000,1000,RGB,3,3199.667,f238153628e3b512d5e6a7b0905c57c0546fa9cb42aa78d132a6e439f18daf0d
train/ID1119739385.jpg,2000,1000,RGB,3,3227.727,51b031df71db66aec2400e12162af75452ca04247a7c6611bbbd40220b3c3994
train/ID1119761112.jpg,2000,1000,RGB,3,3497.967,6ac561c3629958f543315c40d130d18155521cec50f96ff80c1271050ce7a292
train/ID1121692672.jpg,2000,1000,RGB,3,2298.662,f8996f76a773f89bbaaaeaf282e4a595413bd338f9cd44634eec4b0097f26134
train/ID1127246618.jpg,2000,1000,RGB,3,3524.901,fe0bf68bc8c5aa3268113d1ced25b946304ac7684d31764adead3216e4eeee78
train/ID112966473.jpg,2000,1000,RGB,3,3316.564,3ba06279db332b6ace6e38d95a8f742cd9c0178077a1f8156d719e33d1f025be
train/ID1131079710.jpg,2000,1000,RGB,3,2445.777,f0cd791c96497f26a65d4d43f9036c2fb1d37595b6db97ff148cd920578e5e94
train/ID1136169672.jpg,2000,1000,RGB,3,3350.155,7321e7e64352c35f140252f5ecccf4729c9a224bb053a076dc56b26c6c49bdab
train/ID1139866256.jpg,2000,1000,RGB,3,3480.971,2004089e922370e338524dbb717e0a556ae86e7eef2320ac22b7755d33762e0c
train/ID1139918758.jpg,2000,1000,RGB,3,2327.016,c785122ea6885af930e01e1ff184251d2038de2baf2af4676744ef310fadde8b
train/ID1140993511.jpg,2000,1000,RGB,3,3493.562,7380287fa641c548c7f43a8272218070b43f5ef4e4516ae91e77408adc9b76a1
train/ID1148528732.jpg,2000,1000,RGB,3,3502.570,1fbb9be3aea9beb90456a402882c4cd9dfaf171264597c6829fd616fad988ee0
train/ID1148666289.jpg,2000,1000,RGB,3,2458.026,3b1c103c222618bb00b8e0d1ff091d76a0b2443b5d4044dd9abf5cc7bcbd022d
train/ID1149598723.jpg,2000,1000,RGB,3,2077.185,15bbf62d34aef861c6a5ac8bda4e87958e26b3ed115cbe82292347dfd7f42177
train/ID1159071020.jpg,2000,1000,RGB,3,2523.885,4322186ec53843777213ae083fdb04c8aa3505ffb350800eee456d09407290d7
train/ID1163061745.jpg,2000,1000,RGB,3,3307.171,70fa8a55b3523d93511b52a12d5b7a33116ad0e929150b4bd21bcadad0211b6b
train/ID1168534540.jpg,2000,1000,RGB,3,3325.487,6b12a9b2865c4103efbde0626a3cb5196472f5eb3e4e77b899ab0dc82b0c8bc1
train/ID1176292407.jpg,2000,1000,RGB,3,3452.984,a3ed7254b9c47b9bd5fc49f71f337c191cec06eb8b58e0b8e0963fbb331ced75
train/ID1182523622.jpg,2000,1000,RGB,3,3572.724,972aacce0060e47ca696de26c1cf2b074a48836ec2afa2e53c7f8b4d2ce87342
train/ID1183807388.jpg,2000,1000,RGB,3,3360.693,cfeaef4c9a64f505fba925b90da7901f87810ee185e21b285e852532d4fa8d77
train/ID1193692654.jpg,2000,1000,RGB,3,3614.741,43f368b256046fdca3677e6702000162454742bb0fa8e106158ebc9b5bc6763e
train/ID1199150612.jpg,2000,1000,RGB,3,2809.973,4e41040992b69d834942dd5fb094e85d826a9785983887db8437e8620b9a7e4b
train/ID1208644039.jpg,2000,1000,RGB,3,3441.310,eb657cc799adacca46188cd3e2e32526438213b82a1634b2b28c175f2cb4b1fc
train/ID1211362607.jpg,2000,1000,RGB,3,3431.090,445f59299de11cc14e67c23363bf6f872777f8d220422de60afe731a24bd98db
train/ID121331988.jpg,2000,1000,RGB,3,3505.874,2bad2ae9e809829ad77a73c3470cb3f84135ab431c3624b7f61e329dac759cde
train/ID1215977190.jpg,2000,1000,RGB,3,3874.606,6ff5edfbc223b20495753a61d067153646e6f9c830a5f1ec58866899d4b7fad3
train/ID1217108125.jpg,2000,1000,RGB,3,3120.566,26f105577aeb2bb246978d2dd755c6b0fb9489875063e8e65781e54f642d5884
train/ID1237349078.jpg,2000,1000,RGB,3,3304.187,310376054c2f5388dab67dc95c2c984b58e39933c4d56d1cc12a03de5f9e4097
train/ID12390962.jpg,2000,1000,RGB,3,3187.667,22ccf1baf71a39285810258403c2becf9d3fcf4a6d37bc26105b7ae9a768f8f7
train/ID1244346858.jpg,2000,1000,RGB,3,3164.208,b9868256bbdc36a3ae5a81980b9e396089f5850429710fe024822fd976dc9ec0
train/ID1249094008.jpg,2000,1000,RGB,3,2985.620,1b989734e634dc83ecd5ac5fdf7572a49167af371a7d1803763be1b42b7fdd6b
train/ID1251029854.jpg,2000,1000,RGB,3,3567.677,9d4f50f85798b60bfeb636772fcc27ed22895c3f6aeeb79a6eeb5f0f40e5e1a8
train/ID1254829053.jpg,2000,1000,RGB,3,2563.521,61b302835976f606579d59712c485d4ac894ec68bd2047dc6cfe484957ce0275
train/ID1268934251.jpg,2000,1000,RGB,3,3479.116,0b1023dec1377fc5fd9833926e5e163dcfbcef266c83c0b71ac7acb2f5a2ba37
train/ID1275072698.jpg,2000,1000,RGB,3,2534.872,2b68091a60fc8195929958559c7d461b991b6be1f6f4f15b43610ad907320719
train/ID1277756619.jpg,2000,1000,RGB,3,2519.927,f927a0af6e89ff0f53292485bd496f25d9219fa1c8a85f7ed0ae380c7b3ed3f1
train/ID1291116815.jpg,2000,1000,RGB,3,3313.990,0eb23248fcb30152ff121d5db2e9f9c1abfdbf41273e772f155e8d46108d2502
train/ID1294770420.jpg,2000,1000,RGB,3,2745.414,c644bb27a30f940025b77032d604e7452e6acbcafdf46dd554c27e01919dc91f
train/ID1314135397.jpg,2000,1000,RGB,3,3536.727,cfca919739155c1b4dd46aede8fc9d9ce4b7c5e70e2379e04612489107a2bcb7
train/ID13162390.jpg,2000,1000,RGB,3,3471.936,20ac47700907c98aa04308c16be57a80750114a96a2cf31f0fa102fe0cfae5c1
train/ID1337107565.jpg,2000,1000,RGB,3,2805.413,bed20a1c408036f4c3aadd71db2e9fc74eb2658624a166b207d46d599a15924b
train/ID1343327476.jpg,2000,1000,RGB,3,2886.112,c77b474cbeb8ebb99d0bcc84c526e616762d46cd72bae0bb50dc73456c5cba8c
train/ID1345375788.jpg,2000,1000,RGB,3,3243.493,b9ae55eb891a84efe00deea0b4c8bffc8256b76f36f264d1c86cfa80d0088540
train/ID135365668.jpg,2000,1000,RGB,3,2755.879,df890a7b941db78ff7d497711dd8556f0f2ea48cec84c8572f5eb15a60324e94
train/ID1354190372.jpg,2000,1000,RGB,3,2990.084,09a0905bb3925978b14f78347391bc175a0febbe552eccb7aeafddc8299b85b4
train/ID1357758282.jpg,2000,1000,RGB,3,2779.613,5adfcdbec107e3dae915e155951d7200a36a86108b32158823e454343b37a4c2
train/ID1357768767.jpg,2000,1000,RGB,3,3448.879,2cdf734b68bf00153bcbc0b59161b69fab4f20a7a3cb1396ae0f8c808447cebf
train/ID1370004842.jpg,2000,1000,RGB,3,3122.762,44268ae92c3a70f4d25bf02bc9630d9c6ce3631416b2bbead92b5776e9207c19
train/ID1374789439.jpg,2000,1000,RGB,3,3145.646,3db4366647a59802bf1d21c4b6708888edab59613e537b0714fd61be51944f54
train/ID1385921939.jpg,2000,1000,RGB,3,2379.602,2ac3e531a1d06e633c52c43f85a82a3a1c7639320b58a44817e7fb5faeb28409
train/ID1386202352.jpg,2000,1000,RGB,3,3560.077,586f24968cbec5140ddff973bc924cc75fe4af2af9f76f7373100f7d0cec484b
train/ID1395011773.jpg,2000,1000,RGB,3,3580.662,4ed71619341c58b58dd77841ad0b8e6baf0f7795abadd622847e9a4286862569
train/ID1403078396.jpg,2000,1000,RGB,3,2795.741,0f5b7f92b214d9996542f86d7c57735618c92f9ca36c889131b3cc11b1d0a565
train/ID1403107574.jpg,2000,1000,RGB,3,2653.659,94e4cc7ff3919298f9afdaa0f1e7300a5e9a27f557a801fd42c1375945d1b8f9
train/ID1411613934.jpg,2000,1000,RGB,3,3188.297,bbf70430a6175a8b4b6c9dcd65edf2cc94b353de54db02555215a8f3c66c7f99
train/ID141370843.jpg,2000,1000,RGB,3,3143.733,ccf68ce288dc67fdb4bdb70e9715b58b782afedb6e2790a611d8e7216e61de6d
train/ID1413758094.jpg,2000,1000,RGB,3,3228.018,7c06993118f80a1cc31120a48c480af4a75edc0d92a3edc6e0fc49d6df2e0007
train/ID1414371018.jpg,2000,1000,RGB,3,3274.482,cb999b19e14309c0ee0915c93f4f191c30388823d3a1bba7b90a0d094a4158fc
train/ID1415329644.jpg,2000,1000,RGB,3,2202.007,4015a6a553d6b05eb050b28df6611484b320d0bc155cb0e38f7c82e73ce6b47b
train/ID1421714468.jpg,2000,1000,RGB,3,3250.393,b67d281bdeb557ffa01bb8999e781846d7fc3751e5f1670240f816027d5c9cd3
train/ID142751858.jpg,2000,1000,RGB,3,2743.204,98f8334ead623eb867410f2aee7d3aa57032e1e3cb90513345c08ee5062f3823
train/ID1428837636.jpg,2000,1000,RGB,3,3025.141,54b0c2d8436d172d54f39d01ae5ed4c8180695dac145771fc7d54fa9acf03dfd
train/ID1437386574.jpg,2000,1000,RGB,3,3034.565,ca85c6bcb40f57dc0d081cd8dfc5e54912eaed75fefd3ef3d2dd9c0866a28f52
train/ID1444674500.jpg,2000,1000,RGB,3,1550.716,5993dae2446d60bc39442841ab742dae90180bec7c0a1c5820078863663d3f55
train/ID1450399782.jpg,2000,1000,RGB,3,3254.110,ed05fa695e6619a8d752924f8e5d81ba031c1f2ac5796790ef559aee5027d656
train/ID1451025862.jpg,2000,1000,RGB,3,3209.953,b6951c859f6c4c4c97c7e101d90a08e38f01b037091150fddbb7d342f0a3afef
train/ID1456861072.jpg,2000,1000,RGB,3,2815.243,7d4601bee0bc7d6e61ff39be044cd7ccc6dc8a5888253dad75ea23f4330fda01
train/ID1457700382.jpg,2000,1000,RGB,3,2368.539,95d7d7789293bb70fc0b7d4e8e80e36c2f4b59e52475c8a6f9b922c389a2db98
train/ID1458758610.jpg,2000,1000,RGB,3,3274.254,63f490f1286a0a09cbcd53f78e29b55c71cee56facc437ba8667f3f4207e90a7
train/ID1463690813.jpg,2000,1000,RGB,3,2606.465,2c53f249ff5f34ea87673a9cab5f6f8412ebfd927a409e1ba9630888bf850d98
train/ID146920896.jpg,2000,1000,RGB,3,2794.796,eac510fefbdaedd4b2d2a7361c142b7d407bb31f67a991b37e49c71431dd7f7d
train/ID1471216911.jpg,2000,1000,RGB,3,2710.302,9082d65e9054898357407466db8c51d8b021bea092e1678d4d4823814cade91e
train/ID1472525822.jpg,2000,1000,RGB,3,3375.078,f6afd09a5807146561fbe57b5a5d367468f4bedeb27dc5880d4b024620092576
train/ID1473228876.jpg,2000,1000,RGB,3,3546.106,cc0bafd949a8653e4a8cbc12f49c6861aa93ae8b7c61cacb6bc9ad7bd0107793
train/ID1474775613.jpg,2000,1000,RGB,3,3238.552,4aa42a8dcc0d7fa04ac6f2ff559f68c24436265ed6ba61ea1787afaaaf9d8e97
train/ID147528735.jpg,2000,1000,RGB,3,2799.730,bf1766da0e406c08169655b11a0c3b7bd76e4ec1f5e5d15ba787649457c1a65c
train/ID1476045099.jpg,2000,1000,RGB,3,3426.227,e1145dd50719a9e663029f703ba6243c692356c3c7d2a225df45cbb5756a6837
train/ID1477176296.jpg,2000,1000,RGB,3,3091.266,d10c242cd2e77b1d08683dd451bde8401a38d7c7aaea51c1c96df4cc6f1347e9
train/ID1488408526.jpg,2000,1000,RGB,3,3481.713,dee9e403545453ad440bd3d6d71c4e6f59bb9535e54bfbd9f8c0b628cb99f7bf
train/ID1496750796.jpg,2000,1000,RGB,3,3418.485,52b79043ae969f037210ecd45f198f4f7d620da51d6501c55722a1ff15e68192
train/ID1498398599.jpg,2000,1000,RGB,3,2475.272,2aae1f2de2bf13701ae71845cf99d6ab233a622d8f602f46df3016e826b928d5
train/ID1509266870.jpg,2000,1000,RGB,3,3557.760,76345ba1e7825bb84810272fcc39ef8d200025c1c894333995a9cfa9fa8b0a48
train/ID1510574031.jpg,2000,1000,RGB,3,3229.769,429b130b712abff6af18d4d6670442a3f1801b64717c26bb26b8f783793d3153
train/ID1512751450.jpg,2000,1000,RGB,3,3651.750,96f9b4274193446f10d235856e73ca64ab835ab749d4f1206ae7ed5e1f9a3cc1
train/ID1513184765.jpg,2000,1000,RGB,3,2841.058,2f60a4ab2604b945ed5790f47da9e10da96da567011b0dbac6c5bb25bf8f8569
train/ID1515990019.jpg,2000,1000,RGB,3,2472.016,d65a5bbc9f35318139f076c8d091cfee08dbd967fd781dc0d3dc4f3899c4c3ec
train/ID1516374298.jpg,2000,1000,RGB,3,2052.342,2b04cb42b3afd33189dd5330e28f6aa8f94d496e8484b7d618c2b9ae49c8e565
train/ID152157478.jpg,2000,1000,RGB,3,2552.313,97ca2035255a7543ff4c631050d035900a8dc3a7b553c7799fdf6457d7b51166
train/ID1525817840.jpg,2000,1000,RGB,3,2804.131,497a115a7f46823a3db365d33b5e2e464e469c02550d1673d4f9d080cf12056f
train/ID1540480250.jpg,2000,1000,RGB,3,3266.507,7bf68583c242fb87d1a61faa571a02f3642dbfd6ca9d9829aa1f55bb64985afe
train/ID1545077474.jpg,2000,1000,RGB,3,3013.495,6c728b9e30d0a160e53f298dce1b7c6b0b3683ebc49a017f9757f2041784a16b
train/ID1547945326.jpg,2000,1000,RGB,3,3623.510,9a87b0f49536037b5d7be73cdbf00813e154473c01bdd4c280f7980c203f8ae3
train/ID1559189397.jpg,2000,1000,RGB,3,2747.507,ab56628487f30a87e1c6d750f4df97a8fcdfe2be87ffc3117bf66224b2da29d9
train/ID1563418511.jpg,2000,1000,RGB,3,3065.133,eb00d1b9d58d9362df3ae70be29acb3fa3d56fe6e96ed9401064073c6056e288
train/ID1570190541.jpg,2000,1000,RGB,3,2551.922,46d3c7cdda5a4d0ad92e6c8936941b09239039d802c253275339b37966a19dc9
train/ID1573329652.jpg,2000,1000,RGB,3,3520.151,3273aacf81df1446fc0a448a7ce402350819cbc56d02f430b64099e61456c87c
train/ID1574125908.jpg,2000,1000,RGB,3,3256.969,b98d34484e728e7b0a5caa3433cf53331e8d4190f9616ce1b5ba38fc7cdf90ad
train/ID157479394.jpg,2000,1000,RGB,3,2742.512,6afc160e88d4648bacd904ae056991415a402b9ea1c638fac4f47f1b3194e186
train/ID1579942839.jpg,2000,1000,RGB,3,3099.836,1a3968cd623fc1dcd321a8793e2662bd63f27e7574d9c2d7aed06f7017fa95a0
train/ID158170916.jpg,2000,1000,RGB,3,2669.370,759c2d0851954e25dba4959e53d206d1565d89f1b8947471fcfe5587984227b7
train/ID1590632667.jpg,2000,1000,RGB,3,3138.042,186871d53ca6f597c50dbd56bee9dba41337299cf7d188d57ba3dc0bbca3128f
train/ID1618145129.jpg,2000,1000,RGB,3,3195.534,34e9bcd2c0e6a002120b624aea40b4fc97a7fcf1e829c9fefe60ff0d27f15b26
train/ID1618597318.jpg,2000,1000,RGB,3,3079.524,b4724395ffca6a7ad4fdcf10cf14b8e432cb04a007f9841420a48d278048acda
train/ID1620371305.jpg,2000,1000,RGB,3,2739.771,e8ab4af7454b7c0eaf07f04c267e76adf7781ea070c457fea48b202c2b438fb6
train/ID162394992.jpg,2000,1000,RGB,3,3532.002,12c84965aa636ace3387fbd1c797c35765bdb577ff3a2f60f0fa690bde2fed5b
train/ID1623964968.jpg,2000,1000,RGB,3,2451.443,f92d65913ddb574d18448c89ca74f43d5c0d25999f007111156e1e7d2a536339
train/ID1624268863.jpg,2000,1000,RGB,3,3599.478,b3cb4aa5a6f523b69acd81c0fa687f0e813af5a2dbe61232595393b1134464fb
train/ID1634731537.jpg,2000,1000,RGB,3,2730.674,03251d9e754ea477152cda22f3b31693428b5b36d561f87cf3de4cfaccc63fc1
train/ID1638922597.jpg,2000,1000,RGB,3,3345.278,bacff89a49a27a1b6fbb59787a82b1d24ba99f0a10f19df837ca24dd89aa3a2d
train/ID1645161155.jpg,2000,1000,RGB,3,3435.421,a6761e46ced2629fa9e2e2d128dde08c0373b46dfb78ec004c5bf4337f5655da
train/ID1655778545.jpg,2000,1000,RGB,3,3582.594,a3c2f70c3de52fbb59d3287b733a459b0a2ba03bf9b8419f772e32bf940dcc7c
train/ID1665142816.jpg,2000,1000,RGB,3,2999.160,40128b6d652ffe58ddb45aaed061b2f42aa94dcf581d09199f1378aa18dcb909
train/ID1667778338.jpg,2000,1000,RGB,3,3386.562,1fa6ea77e1b4031c5ba8d1a3bea85429c7f064b372662ec8b3642d770ce1d930
train/ID1671844336.jpg,2000,1000,RGB,3,3218.449,7af305338637c89b911e635ee2afb3f6aaa6f7042e919a1441893f59a2fc5b8f
train/ID1675365449.jpg,2000,1000,RGB,3,2783.604,3aec3b494daa5bce055eea14a6fc5fc072ba2836a02f50fa609d32361afa334a
train/ID1680597197.jpg,2000,1000,RGB,3,3496.492,480b3a3231d30bcc1a44d30784c8b4360f041c47c9a008a1d4e13ec144d7f4b8
train/ID1692894460.jpg,2000,1000,RGB,3,2372.669,52f810604247cfad2faa9a5481cad0b98a2d6b6b21ee6bb1cdf26c56cad19dfe
train/ID1693880739.jpg,2000,1000,RGB,3,2366.043,5d874a40e38a27045bc45141a0ae9a54cf47aa0890c2fc1b1aacdb626a6cf90d
train/ID1703304524.jpg,2000,1000,RGB,3,2718.992,5b7a064a9aacb40907bb9a7a3e7f65bc25b298c1a726f88f3968d64f0a631756
train/ID1717006117.jpg,2000,1000,RGB,3,3490.675,b51cc0741b232bde423414e69fc3b31689f7eef04c2811bfc4323c573905857d
train/ID1729002155.jpg,2000,1000,RGB,3,3025.605,7f33edc8d03104eef64d34da94bce0dd1de87e1e288888af84a31ea6fa6a707c
train/ID1746343319.jpg,2000,1000,RGB,3,2765.890,697d532b7ca51dafbf6575c4aed7a0f37046156861f0102f92b7dbcb610b34e7
train/ID1753847361.jpg,2000,1000,RGB,3,2751.276,80f7833874d587da0f768c5a54147dd934aa829a40590064a1ec4631836e2110
train/ID1761544403.jpg,2000,1000,RGB,3,2554.002,28852f095db98c4e283d770efbf101d1aed3e9ee997d43f86804e9e0caad520a
train/ID1781353117.jpg,2000,1000,RGB,3,3927.604,41411bfa20f2ecda9e1dbf2c75bff449b92ab673cca119232957acc1d15c1d97
train/ID1782509721.jpg,2000,1000,RGB,3,3191.338,b1819205ee10e60b4f105a4bac250d8164f329cb161ed437be625083881a1274
train/ID1782608354.jpg,2000,1000,RGB,3,2499.021,87a57f8c28d8641a8fba914372fe45667ab54e9d05995a4c6b03030eb388a4c0
train/ID1783499590.jpg,2000,1000,RGB,3,3031.146,3d0767510a32f8c7a1975eaa4cb905d25f79ec2a4b8d18729734a0492a69f4a4
train/ID1784585001.jpg,2000,1000,RGB,3,2224.228,677f1ed601f353868e4efd5fa814f21657feb0630166476aded86c726a800025
train/ID1789265307.jpg,2000,1000,RGB,3,2165.293,e165ec48154d21b09050eb7aa5c3f6f3e268c8dc87a55b6e1c6e0396da944f25
train/ID1789834546.jpg,2000,1000,RGB,3,3380.046,856a3b5f2857f0fd465de2f75bd93b69b3079d7c8a2b1fba24283050305f06b7
train/ID1789853061.jpg,2000,1000,RGB,3,3236.783,fca26b10d3f1a0ecbcb7fa00f2a2013864093f9c60acb493da71069821d179f1
train/ID1831254380.jpg,2000,1000,RGB,3,2200.411,6c9916a8c49719e6eed5b5a080f417b8f83a97feb67f14d73cde08cb0444e6fa
train/ID1839139621.jpg,2000,1000,RGB,3,3174.406,18fdce77a7bb627e4cc70c29200cb5d8e29ce5b73672e7d650556ee45a1aa04d
train/ID1853508321.jpg,2000,1000,RGB,3,2659.101,1602b27692a238ef920d3f4868a0001e7700bdbe8dd6176cf3925a0df0646282
train/ID1857489997.jpg,2000,1000,RGB,3,3231.872,fd8b1170d2b9987f36388d999db6bc437ef078ec5cc2e31e0d86fa8d4634a9d0
train/ID1859251563.jpg,2000,1000,RGB,3,2573.084,af610733acf4e4e5a1d84d94ee3b544a48647a26153f0e7a3b453b308af7f7c9
train/ID1859792585.jpg,2000,1000,RGB,3,3721.646,d7b7d568c2094b734d23e1c290c30a01cbedc27dc2e01b8ca08a23bf4a73d4ce
train/ID1868719645.jpg,2000,1000,RGB,3,3162.600,547e2b152f1e501ad8b903274f12394ad974b343089af465b7a6f882b1e24534
train/ID187238869.jpg,2000,1000,RGB,3,3007.861,16b328e691b03f340edff8d8d6371e0de47745dd402249f35248562b01abf5a1
train/ID1874904894.jpg,2000,1000,RGB,3,3676.270,d71de9bb41f49351d5211543489e27887c2b5da50961b7dbdd23fc88be68ffe7
train/ID1876271942.jpg,2000,1000,RGB,3,3575.842,2936f8a846fae2fc30f86c16fc3ebda351248faa98719927e737771f52edcb54
train/ID1880764911.jpg,2000,1000,RGB,3,3756.672,a88a37287765a67e932be1e153bbb8163dca8853ec86218fb6f45f864db652f4
train/ID1888700589.jpg,2000,1000,RGB,3,2845.162,9caa653f1afce76e72c64db8f7a5a35837df063bbbb055cbe2baf2118bddc448
train/ID1889150649.jpg,2000,1000,RGB,3,2488.708,90ca2952218b5d97751a82e6d2c5585830f7c6407d495dec290f637075cc11c1
train/ID1894998379.jpg,2000,1000,RGB,3,3190.998,f7b7d5b0d8278a360aeb85ef09e5dbe73d3c6156a61d1f2706585b56d34356d3
train/ID1899025384.jpg,2000,1000,RGB,3,3554.141,885297ff41dd5aff87ee15eff3945509946ae4ebad333bea286dda91e385357b
train/ID1920959057.jpg,2000,1000,RGB,3,3474.078,5226ce3b5153c6e203a1a978f53c22fa014af75eb7e03e7dfc1494b9519688c3
train/ID193102215.jpg,2000,1000,RGB,3,2383.425,c354673b8d92acbcc65f8bcec55e66028ef38722a901e4f1395c36eddc3bc462
train/ID1946311744.jpg,2000,1000,RGB,3,2689.242,e734065434cd7cca22d4d6fd9ef24914a271b6f57ca9ca569b1144bd21604d39
train/ID194823383.jpg,2000,1000,RGB,3,2864.936,d3785ce98263852fcef7a0f9f6a5404d74fdca4af302ab50f3978622afe1df55
train/ID1948354837.jpg,2000,1000,RGB,3,3619.724,2ff341772f6fcf1096c3f8150a78c11070a10ad4826abeade312347f872a96a7
train/ID1952813879.jpg,2000,1000,RGB,3,2366.056,916e3f1b2f2e9c9d62a13e217930d5c7761cb8f131d76584fa937e30faf9726c
train/ID1953171547.jpg,2000,1000,RGB,3,3332.949,aa605045f74664b58750048fd54d24c273ad484f7298f27fd278f7b9f6ee7896
train/ID1953218650.jpg,2000,1000,RGB,3,3344.931,95acf147746dff4a123b25fa005542ab6a6f155aaf6d17bba035bedb2491e51f
train/ID1954669045.jpg,2000,1000,RGB,3,3232.626,e932ddd6c5d0798ec02f7793b16cff18124f229820a12debc76a5655d26f843b
train/ID1962197151.jpg,2000,1000,RGB,3,2663.368,b6f23754e5380c3263210f5c8d6cf03771cc8a2eb910ef4f8736ffbcab6cb485
train/ID1962379474.jpg,2000,1000,RGB,3,2862.943,bad31cda7b7bcaaa6925dd7b327f63530113545c09d8d33202a6b54f483b5e3f
train/ID1963715583.jpg,2000,1000,RGB,3,1718.587,95188e34ba0ce2159ee0485f3caace039338df9c11a5ec38e9ba7f3128c1a198
train/ID196516535.jpg,2000,1000,RGB,3,3558.930,0d235bbfbe5d39132232283cf91125fed947dff4221f6e531706344d166ec2b5
train/ID1970522802.jpg,2000,1000,RGB,3,3446.970,3512b22c473d3d08deaff9482d6b980372df828edc206bb9f283f00bba08fb91
train/ID1976436386.jpg,2000,1000,RGB,3,3240.077,d5690c3e4baad19c74bd9a940b48d75d30404e8ee7ccbfec2bd5df3c8f6aa5c5
train/ID1980675327.jpg,2000,1000,RGB,3,3620.206,7adaf39c05c5fe4ef9a6c0c55d1b6948b2a721570b0bd73dc0efea23f6faeb87
train/ID1982662138.jpg,2000,1000,RGB,3,2347.545,dc064632e3c3a31257ccab5077e29730197caecad64d78c561c2855dc6039c61
train/ID1988033238.jpg,2000,1000,RGB,3,2754.354,a328bb66c8a291ee24cf348891e6e65668e2e7258e9ccf729431a5f77245688f
train/ID1989506559.jpg,2000,1000,RGB,3,3098.579,31738b82395c94f2b16e32f7f6de30475c29e8001b0bfaab987b7546f15d1300
train/ID1993907137.jpg,2000,1000,RGB,3,3860.903,9b1ff09bade1f272d2f218aa0d794101e7244674a3ec68b3c18621673a90ca6a
train/ID1997244125.jpg,2000,1000,RGB,3,3515.537,6b0ff87bbd1ee5a27a1587daa6050b9f2efc78199e5736b8700c381fc5fe07fe
train/ID2002797732.jpg,2000,1000,RGB,3,2924.098,c18ae9f6b9c35d3a5a8fe5524ecaf1b7c24b765070cc4c245b35bbb571825514
train/ID2003438517.jpg,2000,1000,RGB,3,3346.258,27883831c3aaf9c9ecadb46dd1ee2c40f8bc333cea513616fb19ea0f820a1bf9
train/ID2006686196.jpg,2000,1000,RGB,3,3279.197,2ab6d53018484ca843b1569f92cabda3406a721303751a833dadf995241e42ea
train/ID2010625680.jpg,2000,1000,RGB,3,2623.521,8816cdd7ed04acf96a4f1464eb85c7011e05c09ae86188a2479b477c15e5f630
train/ID2014192906.jpg,2000,1000,RGB,3,2665.931,287eac9c578fd1234bf1d576fda72d0b2cfa1891ef12d1b047af1a1b136dfd86
train/ID2030696575.jpg,2000,1000,RGB,3,2648.594,9c15d88c343cd6dd8896a318577a1bcf1423cdd8fc6f7320e2b1a3151d6ec00b
train/ID2037861084.jpg,2000,1000,RGB,3,2675.099,44a4f44c747465a83eebd4797a649a6d9cf54be6b7c834c9388f88a474351da3
train/ID2048645043.jpg,2000,1000,RGB,3,2975.579,2700e46605dd2b44cf04a2d5b65290249404864ffc33f24e2b25d7cef8f6c5a1
train/ID2052442675.jpg,2000,1000,RGB,3,2637.394,490716ef0923f28bd24af593ad9e346fb5bf3c07fd3391e9cdb9a50a5701840e
train/ID2052993274.jpg,2000,1000,RGB,3,2820.469,038f42115a7830d0f9a37b452cc0209f4670a379747236ed732c3f50841e2888
train/ID2053315094.jpg,2000,1000,RGB,3,3658.162,4bc7a0ba3dcd558f20ee01f7b6a852e4428d2e948b9304f01fa479604e6aa269
train/ID2056023629.jpg,2000,1000,RGB,3,3034.612,5b53f3b0bce107e29b260cb3f74906a1da9f7f3b4ba1aa166ae541cff25a6a13
train/ID2056982009.jpg,2000,1000,RGB,3,2906.911,5f445e7e57782f48b44ce845f4f078c0405ce4f932a49afeca5941820b1ec0ba
train/ID2069766023.jpg,2000,1000,RGB,3,3342.324,da3c823f5691401b586bd7d7ff2e7b9195f538cf2b833457b8bb6446f977c6e9
train/ID2086966681.jpg,2000,1000,RGB,3,3696.952,0c45801cdcd0c694382359c39f712912507b62556977023b1dd7d5c0089b9772
train/ID2089023774.jpg,2000,1000,RGB,3,2869.192,1b2535316737c31dc902c4d4fc0db15e68e13c75df845bb11c52703c08422efe
train/ID2091439402.jpg,2000,1000,RGB,3,2335.107,aeec3b2ae23e60502fd4e518c55e01d14e215344cf0ecd294247a1e6db32f751
train/ID2096636211.jpg,2000,1000,RGB,3,3539.563,b8a8bfb4f9a545f2c34052808fd19572ca025e5aab9f8d41400a28b6513e5a50
train/ID2099464826.jpg,2000,1000,RGB,3,3244.463,506bb43890a8ce847ffd24a649c18cb10b2068b0194844afc5eba47bcc06d2c0
train/ID2099742797.jpg,2000,1000,RGB,3,3613.675,d2506624ee21f66d43c146600e72e6a04eea78d3cdc2666dd047984dc5314e4b
train/ID210865340.jpg,2000,1000,RGB,3,2942.822,61ef475e44d0704396f8cc0730b0f6697bfb8b887a971c5ad261fc12f1174c2c
train/ID212206250.jpg,2000,1000,RGB,3,2491.479,2de4377e3eab655c95a9b9c3364452d9a35cb63fb564b5818ff7f3e75c192a4c
train/ID212206832.jpg,2000,1000,RGB,3,3166.986,ac6251518491c7b427d28fe9aadaf03e68a86313bb92ac5ab5e9c9855e571439
train/ID2125100696.jpg,2000,1000,RGB,3,3090.244,91d8106db50a354e813ebc1d565c72196772b96e3b2a4c752e3df47b4fa4c5a3
train/ID2131261930.jpg,2000,1000,RGB,3,3491.450,d6bb926bf75d63b5d6a4a46b5f59c331351f9fb416079c68cd7201b34158b19b
train/ID21377800.jpg,2000,1000,RGB,3,3384.441,ad7bf9d19df87ae54dabb4a2e372c3d92a764d4fd03c5d2eb3234a90161bb1ca
train/ID2145635095.jpg,2000,1000,RGB,3,2939.991,0435a30620c84e7f8ece54bb1d8f597195dc98a3bdd7998a681c9239ee225736
train/ID227847873.jpg,2000,1000,RGB,3,2946.676,9cf35512c18e3d71b88ffa366838f7381f2e0714d482499a0ed5c2f65538ab5f
train/ID230058600.jpg,2000,1000,RGB,3,2932.419,5083405448cc39ba411adb90b8419a71ae72096f15359dfcdf2a482960ba03f3
train/ID249042826.jpg,2000,1000,RGB,3,3228.254,850707ce9ba730153ef45cc46ab2b3cd618fabba7c26e62511fddfdefc612844
train/ID257822026.jpg,2000,1000,RGB,3,3038.670,8ebbfb5b2dd68a9a0c7ce2f0c77435b28f8ad139604b28194090fdfd0160b791
train/ID290369222.jpg,2000,1000,RGB,3,3704.463,8af56cac8db6b549f528b5ac57cdcefc42bb45366a7b557e62461a3c91f5a8cb
train/ID294150104.jpg,2000,1000,RGB,3,2940.962,56aed47c8717d74ec17ea2ee0733a275fed479ca1bdf7c2029b797010461181c
train/ID307060225.jpg,2000,1000,RGB,3,3681.801,d92c35485999d5eaa0b1687ef5fecc270092d6af15fb3d804c399ab40528661a
train/ID315357834.jpg,2000,1000,RGB,3,2893.168,c1ee58b1e4963b42869a29c6ad75e4b37407f2a0e80fbadfcb0e3bcbfa9770eb
train/ID317990700.jpg,2000,1000,RGB,3,3333.360,152425cce44d73b93fa453f99aa57d45c615734080bf6e2c4f4322bdbead9a4b
train/ID325799913.jpg,2000,1000,RGB,3,3635.733,90108e0e83ac33cc16e421b21a66e9118399caca361d39e1de2eb6b79233b7c0
train/ID332742639.jpg,2000,1000,RGB,3,2848.453,3c39c1459797740073945e36d134cb97121984bedacd51e754d08472f11f76ee
train/ID342818398.jpg,2000,1000,RGB,3,2981.540,e32ddea5e75804634ff239199f2be498ea38f4b61455251da70676b85d643234
train/ID344618040.jpg,2000,1000,RGB,3,2434.364,5a0cac4b894b83c3e4b315ad2966259b78e6b4f949b2452e9bbd5cd33b7c43d7
train/ID353424190.jpg,2000,1000,RGB,3,3502.756,9442e67b689ca47da9afa7f2460525ef9fbfa1239b8c81b10d1b5d12f311f92f
train/ID353997899.jpg,2000,1000,RGB,3,3042.583,015241115c8ee1c79f4cd9b2ad7cd3656e077031beb74965632f60068f3b965d
train/ID354528442.jpg,2000,1000,RGB,3,3342.963,078fb82e132552294bcae412046533a75344f0ad394fc3625ceecc45c8289539
train/ID363069566.jpg,2000,1000,RGB,3,3765.602,867254bbff439c18d132e03e68259f646d204e50f50558cdcedcc3bdd3044bc4
train/ID364856705.jpg,2000,1000,RGB,3,2860.656,f61c2cc16f137473b08f0370017f81e461f004b7dbeb3fb88a979e7264c3cfc1
train/ID380752847.jpg,2000,1000,RGB,3,2571.565,26f1de30667762b9cbff8a4a8fc0504063fc2cdd47e02a0fd8cc0b45d7fc3467
train/ID383231615.jpg,2000,1000,RGB,3,2285.441,8459c3d3b960d9bc9afd974c5e0a5f5cc9ebf548e73624dded4788e4efed589f
train/ID384648061.jpg,2000,1000,RGB,3,2996.798,f6d10f83f8175d3f68d13ec1c6ba0456b5ea8abd998e70091034e559822866e9
train/ID386216505.jpg,2000,1000,RGB,3,3150.196,8411fe7241da7408b423b3d9b798bace60ba4e850b8538d467d0f3b3154fca32
train/ID397994621.jpg,2000,1000,RGB,3,3291.263,26bcb6df774cf96a14ddcf051d56eda70cf1d7f0382e24cc557036a1e7e0b8d1
train/ID407646960.jpg,2000,1000,RGB,3,3317.641,05335ce100f2631d9bc31f81693d4199510f40ce2fcd329c67ac1b58b4882df2
train/ID40849327.jpg,2000,1000,RGB,3,2405.471,533d0dcabd4269aa46667e80e18edfb8df4575ccde23188d977711d3de939ac2
train/ID415656958.jpg,2000,1000,RGB,3,2277.668,b9c45d4e69b9b7bec19788148cf36ddcff0b8d99549f441ba7e44c77daa29556
train/ID423506847.jpg,2000,1000,RGB,3,2840.397,d50eaa4fe0e2e408499c6e0fda504e3c2210c8a7829ec5b048b404dc9e616d51
train/ID429799190.jpg,2000,1000,RGB,3,3642.187,12e8b18a18b9436a0eeba7482d6002fc827f466ce6b49f1246155594b548e996
train/ID431471530.jpg,2000,1000,RGB,3,2258.327,c83bfa655950e3aa4be9e626184d74689217954a47915497dcdfc5bbfff36999
train/ID443091455.jpg,2000,1000,RGB,3,3296.601,d382a4d1eba8e32811af853d8a1416812d71b2204e618f5f5bd8f51dcccaeec2
train/ID4464212.jpg,2000,1000,RGB,3,3794.518,cf209a8ea8303f91263768e960a7e255589204e6d415127e43a531d5449debb6
train/ID471758347.jpg,2000,1000,RGB,3,3264.186,35b57c29426a027d15b7f7ade02c629a48e69ceb9a6879bdc08aa530a62daff6
train/ID473494649.jpg,2000,1000,RGB,3,2573.575,bc1692f39fa4ba9a0eb646610806b722006ba2503504a529b620844be4b33c74
train/ID475010202.jpg,2000,1000,RGB,3,2499.570,173fe62c2990e93dada1ee96d06ef3aeebd8be9b8d9b758f999ceba386e02fbf
train/ID482555369.jpg,2000,1000,RGB,3,2676.124,31aabbd4f17c33f6306ce11415caf7b0031fae11950107bc916d2421ac715e33
train/ID48303557.jpg,2000,1000,RGB,3,3502.972,6f5c13d3504424c8452b1142917bbc28f932a107bacb008adc133ca99794fd16
train/ID488873801.jpg,2000,1000,RGB,3,3343.025,df90ddc56c848254338b519271ae47699fbae50bdb28baabb2fd0a21972cd01b
train/ID490139972.jpg,2000,1000,RGB,3,3032.490,7a809ed5b6db44115d55493cd576505c9a07f9371313a272aeb6357ac33e1887
train/ID498304885.jpg,2000,1000,RGB,3,2809.002,b0e730cc2885ffa1d80482ec43dfee7b1ffdd6de81ad21ce4255f0099baf2a79
train/ID50027657.jpg,2000,1000,RGB,3,3267.306,9526bcb26f44e5a91a745ebacc368f7d7796176760c9580e1222ad71a08ee328
train/ID520514019.jpg,2000,1000,RGB,3,3242.308,67f1a0e77652e1ae7e44a50ba4b6fe1c9c2782017da8433e19a3a85633ac720a
train/ID528010569.jpg,2000,1000,RGB,3,3261.793,5738bed66c5cf00a57c2b469001426d8baef9f3bb943f452bf6fd9c8d30f44cd
train/ID529933668.jpg,2000,1000,RGB,3,2861.366,f511f7934b476edbfea47d6d4e0f473fe5893878935a8441a3d3091b6aa19299
train/ID534966093.jpg,2000,1000,RGB,3,3548.175,5b422fe0ee2b306648170d66403e2734d5b420d6c9ab821774d7c4fb6413c1db
train/ID54128926.jpg,2000,1000,RGB,3,3091.080,ff1f3458d2046aeace8155f173c18a8a7dbb5c9e63bbdea75fa1adaffba93c50
train/ID544444725.jpg,2000,1000,RGB,3,3062.464,fbbdae59770e41acaad3b0719fb0e245c08a3caa8a48d1970acb77a5785cef72
train/ID545360459.jpg,2000,1000,RGB,3,2671.723,ce54b789089ac476323995e1960fbb538e7012f78af579517425e4c4a8dda408
train/ID550623196.jpg,2000,1000,RGB,3,3139.998,5013ed7ba009d6cfa6daa62fd55e7839fa18fe64044ad17f47320c4ca8fe1463
train/ID552040066.jpg,2000,1000,RGB,3,3237.686,d9979ae399749add59f8b24ac1ca60177e657f7e60e229e058b0c56854c5adaa
train/ID554314721.jpg,2000,1000,RGB,3,2775.738,8ec1fb046419aa4ac52800a0e3196df1616ed37f7062393607f5f9fdd5343842
train/ID560946727.jpg,2000,1000,RGB,3,3645.087,9106c350b7e4dd9f1c02c4259bf101ba48bfb81526efac950be120a79fd2c4fa
train/ID566966892.jpg,2000,1000,RGB,3,3095.793,ae5f0ad58c8d40929a642a6bd828fa731b1cb930cd2ce451d53a137de8e9150a
train/ID567744300.jpg,2000,1000,RGB,3,2603.989,a5b75e18fc20655ead91d290614566c2d71c109333539f8b46202ee4991ea490
train/ID572336285.jpg,2000,1000,RGB,3,3271.389,3adcc2931f0575706bfd35e974ea9d56d4344402e40995dbd6944ed44174ce55
train/ID574213894.jpg,2000,1000,RGB,3,2328.196,744c10771d4cb4ea20e50a8fa596acdf27f3e8d0a8fc894da0200649b45a9828
train/ID576137678.jpg,2000,1000,RGB,3,2716.193,de6a89c29fd6d26ccdc0b6b6fd9b4669bb1149e719f400e1692988f0b05f9bf1
train/ID576621307.jpg,2000,1000,RGB,3,2408.431,eddc0d616bc689aa003c71a2c26330848ebaf0b5f73bcea825b3c994f90d7239
train/ID577112774.jpg,2000,1000,RGB,3,2674.229,7ddaa32feea2d369bbba133be76f896e28fd0ed12af4f2e17414ab63aa56fbb8
train/ID587125778.jpg,2000,1000,RGB,3,3624.845,d5ff7105367e468d6eb00ad21e6f802d873fad3db6498ab25b9a4833d7498ab2
train/ID588120964.jpg,2000,1000,RGB,3,2884.516,03bfe5c41e3f7d00b2116bcd780ae3e3cb0d4c58f49034a2b78937e8055b4591
train/ID600602588.jpg,2000,1000,RGB,3,3410.430,957892300751b229bc4a376c5e1a1ea4902ea459f97e87022d9f1286a917018b
train/ID605134229.jpg,2000,1000,RGB,3,3407.066,2211fcfa756d992f1c1d98fbaa3e54797dd0208e84f1e3d3987d0c05e2014adf
train/ID610397481.jpg,2000,1000,RGB,3,2862.890,4a2551f81aa041da02b0c04c77fedaa41edfd8f53887bc1a5568f08c27ac0028
train/ID617132135.jpg,2000,1000,RGB,3,2876.301,961c8f50634e19ca998b91d012bc089fedf4443e5eeb8ebee302a6297f250593
train/ID61833032.jpg,2000,1000,RGB,3,2393.246,6dd9443ca95d68a212fb3e83199108a0ebabf5746cadeacf148a0a58248a14fa
train/ID6269659.jpg,2000,1000,RGB,3,2437.872,c1ca93f1f94d28079a6335049a847eb955d46984fefad1347a8041dd81c3b8de
train/ID629980789.jpg,2000,1000,RGB,3,2978.253,24fd3e9784f762cfd2315d3be69730fe84f22833cf4d3b405606f601ea23eee7
train/ID633775166.jpg,2000,1000,RGB,3,3116.659,3df84f01f49312b6924af8af1c9d79dcbc5addb135e5bf9a9602240d0584cafa
train/ID638711343.jpg,2000,1000,RGB,3,2838.693,93865e9bd54610bcbd336c39a45a6bcee6f25f28114943aa462f1431cf733ea7
train/ID656251220.jpg,2000,1000,RGB,3,3280.205,723d3f18389d7c5ef8778fb9f0ea995649b80b16cf087fafee31b76efed0a8a9
train/ID657448172.jpg,2000,1000,RGB,3,3628.989,c329e0c52ea7a2761734e0946999133d745d7a93748c7c570bfab803df22c78f
train/ID661372352.jpg,2000,1000,RGB,3,2561.058,09fe78bcebf9d40170a7bc73ad3c2f775bd3c4ddbfb52fb9639cec18e4593cd7
train/ID661817669.jpg,2000,1000,RGB,3,3393.473,7b55f96d6ad91efc0765e6ac542934fab579c2c33cbc5c140e62365b381afb2c
train/ID663006174.jpg,2000,1000,RGB,3,2696.079,b7501cc49ed646932ad2919f8a851f2f536d8ebc2cf5fd736cc28232022d6050
train/ID667059550.jpg,2000,1000,RGB,3,3347.894,34e5d2154ab7657f60da6c01f693f93110e844a29073867ae6571b2c2c13999c
train/ID668330410.jpg,2000,1000,RGB,3,3303.196,69c069481e95f59f85479161156be1eecc6945b351f505b7c79cd1413e24dc53
train/ID668475812.jpg,2000,1000,RGB,3,2804.831,a2089d4e044cbe8677a694842232502c0007340e26c3b2d1c2a753ea93d84c07
train/ID670276799.jpg,2000,1000,RGB,3,3061.894,e0dcca0e267614ce7ec8d3d3910093e083d664eca42e40fa6b9f9499252a3916
train/ID679913293.jpg,2000,1000,RGB,3,3087.560,b5875b0562e50e4f7cc2d5e3a7b26c0c1163e63dd5e2e22e8d71e1cb025c0160
train/ID681680726.jpg,2000,1000,RGB,3,2376.844,abd4d709e24e00f8726dfdc45191fa3fff15608f26b317cc6c0a2f52ffe727a2
train/ID684062938.jpg,2000,1000,RGB,3,3103.625,60f6da8ef3e347d2d0750204ad94815cae3228533c7cb1ed2ef55aea1773b9a3
train/ID684383343.jpg,2000,1000,RGB,3,3632.086,6d0e9baabba7c4093508fd378bdff6f23cca714dd7408471ac0bf6e96b01db47
train/ID686797154.jpg,2000,1000,RGB,3,3447.384,3e99b6556315e86af91ca9f1aba3c687a616671c7fa4e064abc4e126b932f412
train/ID697059386.jpg,2000,1000,RGB,3,3255.964,5fe153f869b0fc23fe557a84e80ac35ee9d6c1dc021d5c753c3fa949439f059d
train/ID697718693.jpg,2000,1000,RGB,3,2584.624,164fe1b904bd20255556f33d437a9e9fd7dfcacd599fe958f9f14d101c213606
train/ID698608346.jpg,2000,1000,RGB,3,3306.434,24e26fd110d6c0583d6adf4bef219de312d9862a575721dd97dd834c10af4d28
train/ID706288721.jpg,2000,1000,RGB,3,3182.761,123f2223ef56cf8e0b0e7a1752cc8fd287fce98b588220f4f832a0ae42b39f9d
train/ID710341728.jpg,2000,1000,RGB,3,3372.117,df5841a7d97375564e2ea2793b639e292f59dd58c127adc144e5a1a193f1c898
train/ID71885430.jpg,2000,1000,RGB,3,3385.252,b2b2d2f541e4d7931223260e474fcf324c44cbc327cb6d2e28f325cbc8e933d9
train/ID72895391.jpg,2000,1000,RGB,3,3038.872,7d8fc480feff204209dbf0fc25f695e5c42fb39a751c145c25bbd683c8c785e2
train/ID740402124.jpg,2000,1000,RGB,3,3048.773,3068dd7b3d537e281ab4125493d9a745e65a1cf9b8bae2a82ae25c6758d2e849
train/ID742198710.jpg,2000,1000,RGB,3,2691.273,7900e261dce62221e1ebd60f2689f2e104682612495fb4b49f9e9623d0d7d91f
train/ID743847993.jpg,2000,1000,RGB,3,2424.757,5459f7627f9c0c8f6cc2bb1eaa76dbc7c03894cc376d45af177196c063942e20
train/ID746335827.jpg,2000,1000,RGB,3,3047.960,3e62edcb58d66cb97eee659758693089399c146a3a8d7418fedacd92355ac800
train/ID748979397.jpg,2000,1000,RGB,3,2662.016,7619687cfc571a2b42916de9b017034e900dad56339ccf5fc650b0287bd21387
train/ID750820644.jpg,2000,1000,RGB,3,3730.952,b7fa30269420dc0b021576fbc332d5f526f56fefe8dd649014d90a9d77b4b8c1
train/ID751517087.jpg,2000,1000,RGB,3,2982.370,dfc185fcdcee9ccb0310d0f5ba4588f1e4f3e44e7b6a81c73bc374d568c9f8f1
train/ID753699705.jpg,2000,1000,RGB,3,3340.161,2ed7bd3d7d89e983d49e192fdfec334463b0bdce04d12cef7bdc710656920749
train/ID755710743.jpg,2000,1000,RGB,3,3207.808,7d8da1ca3ee4d8cf724199bf894ef3b8b7638f3cd407e7720447d06d33b4cd37
train/ID761508093.jpg,2000,1000,RGB,3,2944.036,ddedad07ce4ae0d3479e3912a5e2adf60eb931faa392fce0a45fbfff2f95fbbf
train/ID779628955.jpg,2000,1000,RGB,3,2208.275,fe987c7de0a3e882c6981e138188589f75467b10400000429b91d1ece365b958
train/ID7850481.jpg,2000,1000,RGB,3,2339.180,aaee5d615b75b71df9e231b0f3a1ad55b62270f1001a99d8f5d3740f3ad130ae
train/ID786365141.jpg,2000,1000,RGB,3,2935.913,d969aceec32908699cef0dfd1e96b16a4cfa8dd7e475f753cf7157d4c264b740
train/ID789169173.jpg,2000,1000,RGB,3,2196.031,6c2723366c2ad4de46a1cb42983fa9dd43590e0dd807f61952e965dcf38f3468
train/ID793526563.jpg,2000,1000,RGB,3,2855.366,3b0daaff28b5874f7805cf9535eb34ccb93061459f0ad127a0f963de29f4ec85
train/ID797502182.jpg,2000,1000,RGB,3,2767.494,ed4fc77cd95a01a8c2d58ca86af198b2ad4f4616c5b254577c985d68f137afd9
train/ID799079114.jpg,2000,1000,RGB,3,2736.074,b06d2edc82ea2a722f1fad4c6de6c7c8c921c70f1c05340eb0cbf02db72484a5
train/ID802547515.jpg,2000,1000,RGB,3,3470.190,5589965d96e14d475609b240782903a8191d7aa2876360ff73e3877a3146d0e4
train/ID803479541.jpg,2000,1000,RGB,3,3451.855,dc394931e248e2e08ed74355eda4db5206e550dc1ae645a6c94fac08a2fe62d1
train/ID808079729.jpg,2000,1000,RGB,3,3623.006,ca45be3a597fb190efed188e0876dabd9c0a6e4cbdf5185aedf7c37a8e7e2d20
train/ID808093827.jpg,2000,1000,RGB,3,2819.137,3882280fdd6e43ab4bed15df4956fe7ccabc8e8dc9af106c14f2c5d933adb29a
train/ID8209776.jpg,2000,1000,RGB,3,2564.161,256dd403915a086b506a7b3b8919edcd90388c3f47d13c7d101a02cbcae56eec
train/ID828217731.jpg,2000,1000,RGB,3,2792.492,1a0291dcd03bb276601ed8dab29ed7e26ef304f372955428eedb72dc60c22738
train/ID839432753.jpg,2000,1000,RGB,3,3066.504,c74fa0a762257a2b677b07b5407386165234317476d21b4add4e970bb5fa4133
train/ID846154859.jpg,2000,1000,RGB,3,2814.998,9109e17c38647ff36d54fbcfe76ffca7f91cbd13c9f69404217bbd50a2221a85
train/ID846984946.jpg,2000,1000,RGB,3,2240.806,9e0b060602d6e8444957fc1ad9ec52431048b9290a0f9e6621bb6bdb5d6e27fe
train/ID853954911.jpg,2000,1000,RGB,3,2583.722,89cc0a585fdae51a0ac99d2c6e55ca381d205939ec261d548b59880467e72f71
train/ID866684633.jpg,2000,1000,RGB,3,2618.543,4834e33e345ef22a73af6f86e46e9d4b76ef2d53210ed387f5bb02c3edde7227
train/ID871463897.jpg,2000,1000,RGB,3,3463.749,bb6f69c8adb179520783468337abc16011002e933060406a53a3ae5d501d302b
train/ID875119737.jpg,2000,1000,RGB,3,2940.984,304894dc2b7d7b1b31f9371540fa2049077f8c89f9aa2912b92bbedf400fbe98
train/ID885388135.jpg,2000,1000,RGB,3,3501.143,6af8946ae880cf0c78fa4fc298ce0903bb56e30f81b0efb7c21e23bdaf361225
train/ID896386823.jpg,2000,1000,RGB,3,3289.545,05e82cf119ff3237f3232eb0428ccee5befa99df84b262be984429b77401d10d
train/ID900012207.jpg,2000,1000,RGB,3,3286.761,35508dabbe13d9d8735e790f412ce288b923e8f1e3bb1628aa683e80acd7b71e
train/ID905397692.jpg,2000,1000,RGB,3,2703.468,6ef0cedda73ff4ddee78ccaf6004e68c856d89f1e63afefbd851f5883bb1b669
train/ID908524512.jpg,2000,1000,RGB,3,3320.686,5f270501cb1e58cb6750038025e4c1453a9f59f47f4f50b716ad042ee3309d3a
train/ID914754166.jpg,2000,1000,RGB,3,3689.496,ef6bcdb7a30a0a5da61ec3bde0b7b658576e5cd212dc05a801eff7c0af710ed8
train/ID930534670.jpg,2000,1000,RGB,3,3440.387,8840b9aba9d374ee8fbfd1954b9a8c614a2bd0e62a7b768a70c9c51b1e135286
train/ID936984905.jpg,2000,1000,RGB,3,3093.916,dd9a6f17b486a0c0fd649be23fd1e693b4ba9f4fb16b732a6f4036db71f4db52
train/ID94564238.jpg,2000,1000,RGB,3,3234.757,af84b2ad832ff7f7537daa9977b85b57d3db39a44bd6bfb389d4980722c6c24a
train/ID950496197.jpg,2000,1000,RGB,3,3202.844,460cfa820600fdbeb40cbce56b5b25d195169937b60e8be4ccdfbbd3eed1c993
train/ID95050718.jpg,2000,1000,RGB,3,3936.542,97c484ab46f88a45a7334bc8e39feb0bc68dc09c5262ce06cd31a195a52e0613
train/ID956512130.jpg,2000,1000,RGB,3,1624.494,37e52dffd8e75fb7d437a0db763a621106bf34a0d70307c940e43c36370a4fd1
train/ID963903358.jpg,2000,1000,RGB,3,2806.370,f5f46f21e56a9ca46068715aad51920768fb229658c33f3a7c56fee70798492d
train/ID968643034.jpg,2000,1000,RGB,3,3134.000,a769d611f69b2fa7c013ee769946c3817fb7afc4eacba769a7193a2fb315d314
train/ID969218269.jpg,2000,1000,RGB,3,2521.638,c8d3dc54d1db1dc48ef9d22e5a1e5be625644cc212ae2323f395127e454b158b
train/ID972274220.jpg,2000,1000,RGB,3,3202.342,cd5547ae52bd52928f3fef686ab368c463e201ed909b3cbfb33677f128058177
train/ID975115267.jpg,2000,1000,RGB,3,2406.305,1819372ed3cff69110c6d917103f6a79bf4fa20e6b0ac0eba79d3f7549a55647
train/ID978026131.jpg,2000,1000,RGB,3,3112.633,2ff7a91fdd27cc2977e607c3166dc9260144016451fb092e96c046aa65a25171
train/ID980538882.jpg,2000,1000,RGB,3,2848.949,974adfeb98ff2c461f6fbc9b2694a2c5ab4f515013d252d428168d4b2877af7e
train/ID980878870.jpg,2000,1000,RGB,3,2166.215,283f841162cc9c0c8ed539c4dd31d92075838fb8d3758f4b2aa2de8624fc3bea
train/ID983582017.jpg,2000,1000,RGB,3,3021.705,6ad41e589375052d33463a1bc7e794edfd9dd41323ccef3ae918798756ed5565
